1,Wasima,Steinmetz,F,1932-10-29 09:24:52,Wasima.Steinmetz234@att.com
2,Staci,Renwick,M,1960-12-25 07:45:50,Staci.Renwick477@att.com
3,Pauravi,Robitaille,F,1996-10-03 21:55:41,Pauravi.Robitaille986@outlook.com
4,Janak,Dahms,M,1965-04-20 23:30:48,Janak.Dahms73@yahoo.com
5,Ama,Hartsell,F,1988-05-31 20:24:27,Ama.Hartsell852@utd.edu
6,Ireta,Barkley,F,1983-08-18 04:27:53,Ireta.Barkley785@facebook.com
7,Alberta,Thai,M,1963-05-19 23:55:42,Alberta.Thai450@att.com
8,Cochiti,Spurgeon,M,1960-04-03 09:58:46,Cochiti.Spurgeon416@outlook.com
9,Fran,Blohm,F,1955-11-10 17:28:22,Fran.Blohm21@rackspace.com
10,Constantine,Vicknair,M,1989-09-22 11:17:39,Constantine.Vicknair109@aol.com
11,Aroon,Hasty,F,1936-12-29 12:55:18,Aroon.Hasty660@rackspace.com
12,Sylvie,Utley,F,1934-06-25 01:30:16,Sylvie.Utley582@facebook.com
13,Faine,Noel,F,1959-02-16 18:33:35,Faine.Noel920@yahoo.com
14,Effie,Glasco,M,1932-03-25 10:53:24,Effie.Glasco272@att.com
15,Armorel,Lombardo,M,1961-02-01 01:17:46,Armorel.Lombardo570@outlook.com
16,Vyasa,Barbieri,F,1973-12-18 18:16:19,Vyasa.Barbieri183@facebook.com
17,Helouse,Teran,F,1992-11-03 03:35:37,Helouse.Teran470@aol.com
18,Burle,Kegley,M,1969-11-16 19:48:02,Burle.Kegley167@att.com
19,Galia,Millar,F,1989-11-03 08:42:59,Galia.Millar372@outlook.com
20,Enda,Northup,F,1965-02-28 07:34:44,Enda.Northup267@utd.edu
21,Innocent,Early,F,1977-07-11 13:30:52,Innocent.Early805@att.com
22,Filberta,Armentrout,F,1963-07-25 05:24:11,Filberta.Armentrout303@outlook.com
23,Kelvin,Cecil,F,1968-07-13 01:36:34,Kelvin.Cecil352@utd.edu
24,Ben,Hoppe,F,1974-12-13 21:35:30,Ben.Hoppe677@yahoo.com
25,Christian,Zaleski,M,1980-07-07 15:53:10,Christian.Zaleski202@rackspace.com
26,Hadwin,Filer,F,1996-06-22 03:17:43,Hadwin.Filer881@outlook.com
27,Hannu,Parkey,M,1943-09-25 09:15:52,Hannu.Parkey549@utd.edu
28,Roni,Onofre,F,1966-10-08 22:42:53,Roni.Onofre290@utd.edu
29,Fernleigh,Hopper,F,1938-07-13 14:41:51,Fernleigh.Hopper148@yahoo.com
30,Nicholas,Orme,F,1943-10-24 17:15:57,Nicholas.Orme396@facebook.com
31,Spring,Chisholm,M,1974-01-31 12:40:55,Spring.Chisholm348@att.com
32,Warton,Waters,M,1965-06-14 14:22:40,Warton.Waters926@facebook.com
33,Tuvya,Hollon,F,1957-05-04 14:02:15,Tuvya.Hollon65@utd.edu
34,Brighton,Marty,M,1973-04-05 17:36:56,Brighton.Marty48@google.com
35,Srinivas,Almond,F,1946-02-12 20:21:00,Srinivas.Almond834@google.com
36,Rand,Vicknair,M,1944-10-29 14:40:25,Rand.Vicknair687@utd.edu
37,Zenda,Ruggiero,M,1940-07-22 00:16:35,Zenda.Ruggiero922@att.com
38,Trelawney,Basurto,F,1993-12-18 22:33:29,Trelawney.Basurto205@outlook.com
39,Corona,Detrick,M,1970-04-06 01:19:10,Corona.Detrick897@facebook.com
40,Warwick,Deen,F,1982-09-20 23:39:17,Warwick.Deen920@aol.com
41,Pearl,Lovins,F,1945-06-17 18:12:01,Pearl.Lovins735@yahoo.com
42,Derwyn,Detweiler,F,1966-06-04 02:50:10,Derwyn.Detweiler742@aol.com
43,Ezra,Padula,M,1969-01-17 07:19:50,Ezra.Padula547@aol.com
44,Scarus,Ta,F,1941-10-10 13:03:37,Scarus.Ta164@facebook.com
45,Jonah,Usher,F,1978-06-28 16:10:40,Jonah.Usher645@google.com
46,Trixy,Campa,F,1942-08-11 07:47:11,Trixy.Campa44@att.com
47,Devereux,Kollar,F,1997-08-23 10:45:14,Devereux.Kollar245@outlook.com
48,Arlo,Shiner,F,1976-08-21 08:10:58,Arlo.Shiner939@yahoo.com
49,Kaede,Trusty,F,1969-05-11 12:20:17,Kaede.Trusty621@utd.edu
50,Onenn,Hatton,M,1961-09-17 07:24:27,Onenn.Hatton312@yahoo.com
51,Fabian,Haygood,M,1990-04-03 08:21:24,Fabian.Haygood546@google.com
52,Deana,Fielder,M,1939-03-03 11:48:55,Deana.Fielder188@yahoo.com
53,Sabir,Deegan,M,1941-08-17 14:38:32,Sabir.Deegan77@google.com
54,Naoko,Dotson,M,1953-07-14 08:16:28,Naoko.Dotson817@yahoo.com
55,Vitus,Blanco,F,1935-09-28 12:09:42,Vitus.Blanco271@facebook.com
56,Aderes,Hering,M,1943-09-29 01:28:23,Aderes.Hering858@yahoo.com
57,Arval,Rourke,M,1994-07-04 01:45:21,Arval.Rourke682@yahoo.com
58,Alberta,Mastin,M,1977-05-18 13:53:06,Alberta.Mastin53@utd.edu
59,Oleander,Gebhart,M,1970-01-21 23:40:44,Oleander.Gebhart568@aol.com
60,Abner,Streeter,F,1996-07-27 11:07:57,Abner.Streeter651@outlook.com
61,Mathew,Montanez,F,1984-05-25 03:09:21,Mathew.Montanez905@att.com
62,Trixy,Mickelson,M,1960-08-02 01:04:39,Trixy.Mickelson632@aol.com
63,Loring,Lurie,M,1951-12-22 01:37:09,Loring.Lurie27@facebook.com
64,Marron,Dunkley,F,1964-12-14 10:32:47,Marron.Dunkley939@google.com
65,Shanelle,Ratner,F,1947-08-20 23:29:52,Shanelle.Ratner376@google.com
66,Latif,Houghton,F,1967-01-10 03:26:50,Latif.Houghton53@att.com
67,Dannie,Jimerson,M,1935-11-16 17:01:30,Dannie.Jimerson946@outlook.com
68,Vyasa,Baldwin,F,1946-11-30 21:10:49,Vyasa.Baldwin481@aol.com
69,Cilla,Chae,M,1955-05-19 15:05:59,Cilla.Chae114@yahoo.com
70,Senon,Noel,M,1959-09-12 07:58:45,Senon.Noel819@facebook.com
71,Cameron,Pasley,F,1998-04-17 18:03:40,Cameron.Pasley257@utd.edu
72,Haimi,Campos,M,1983-01-04 06:38:48,Haimi.Campos539@google.com
73,Kazimir,Escareno,F,1940-12-21 02:43:51,Kazimir.Escareno649@aol.com
74,Kelila,Sabatini,F,1978-02-15 05:39:37,Kelila.Sabatini162@rackspace.com
75,Hanan,Villano,F,1939-12-25 13:40:48,Hanan.Villano732@att.com
76,Tean,Albee,F,1950-07-17 06:40:44,Tean.Albee805@google.com
77,Barak,Ridenour,F,1986-04-30 02:58:55,Barak.Ridenour24@facebook.com
78,Silva,Winders,M,1994-09-13 11:20:46,Silva.Winders35@google.com
79,Arley,Stump,F,1968-11-13 14:04:23,Arley.Stump142@utd.edu
80,Barb,Denis,F,1934-06-10 11:32:08,Barb.Denis650@aol.com
81,Rastus,Wilks,M,1966-10-18 16:19:53,Rastus.Wilks570@aol.com
82,Valborg,Tosh,F,1953-09-10 19:00:19,Valborg.Tosh251@yahoo.com
83,Grosvenor,Almazan,M,1958-06-25 19:15:54,Grosvenor.Almazan103@utd.edu
84,Jocosa,Rigby,F,1955-06-19 12:27:27,Jocosa.Rigby701@outlook.com
85,Rene,Grey,F,1979-07-20 01:37:48,Rene.Grey540@google.com
86,Platona,Twitchell,F,1997-07-31 06:02:30,Platona.Twitchell981@google.com
87,Sapna,Villalobos,M,1938-03-08 02:05:05,Sapna.Villalobos212@yahoo.com
88,Lari,Leighton,M,1961-02-19 23:43:20,Lari.Leighton457@rackspace.com
89,Yoel,Reiser,M,1968-04-07 04:50:55,Yoel.Reiser456@yahoo.com
90,Todd,Lowrie,F,1941-08-04 10:32:09,Todd.Lowrie433@att.com
91,Jayden,Cadiz,F,1991-04-21 04:56:43,Jayden.Cadiz146@utd.edu
92,Angelita,Vicknair,M,1966-12-08 04:19:50,Angelita.Vicknair958@yahoo.com
93,Jozef,Ealey,F,1934-02-28 06:58:48,Jozef.Ealey722@utd.edu
94,Bosley,Litton,M,1973-06-05 08:32:48,Bosley.Litton885@outlook.com
95,Atlas,Reiser,M,1992-10-27 17:21:55,Atlas.Reiser718@yahoo.com
96,Pearl,Dysart,M,1951-10-13 12:15:54,Pearl.Dysart613@yahoo.com
97,Farrah,Schoenfeld,M,1983-01-18 20:17:02,Farrah.Schoenfeld481@rackspace.com
98,Saul,Castello,F,1978-08-25 11:15:14,Saul.Castello106@rackspace.com
99,Astera,Christner,F,1974-03-02 10:32:59,Astera.Christner877@google.com
100,Dicky,Overbey,M,1955-03-07 08:45:35,Dicky.Overbey467@outlook.com
